pais_castellano,Country Code,cantidad_sedes,promedio_secciones,pbi_per_capita_2023
REPÚBLICA  FEDERATIVA  DEL  BRASIL,BRA,11,1.64,10377.5892792557
Estados  Unidos  de  América,USA,9,3.22,82304.6204272866
REPÚBLICA  ORIENTAL  DEL  URUGUAY,URY,8,0.62,23019.4221560046
ESTADO  PLURINACIONAL  DE  BOLIVIA,BOL,7,2.14,3686.27996442176
REINO  DE  ESPAÑA,ESP,7,2.57,33509.0127982139
REPÚBLICA  DE  CHILE,CHL,7,1.57,17067.0364799154
REPÚBLICA  POPULAR  DE  CHINA,CHN,6,2.5,12951.1782397043
CANADÁ,CAN,4,1.25,54220.3285039875
REPÚBLICA  DEL  PARAGUAY,PRY,4,0.0,6299.99026533643
REPÚBLICA  FEDERAL  DE  ALEMANIA,DEU,4,3.25,53940.4073447462
REPÚBLICA  ITALIANA,ITA,4,2.5,39065.4244365633
ESTADOS  UNIDOS  MEXICANOS,MEX,3,3.67,13826.1306570122
AUSTRALIA,AUS,2,4.5,64835.9199754535
Confederación  Suiza,CHE,2,2.5,100631.802755125
ESTADO  DE  ISRAEL,ISR,2,4.0,52003.7200729997
REPÚBLICA  DE  LA  INDIA,IND,2,7.0,2530.12031278204
REPÚBLICA  DE  SUDÁFRICA,ZAF,2,2.5,6022.54254192335
REPÚBLICA  DEL  ECUADOR,ECU,2,5.5,6737.84748379638
REPÚBLICA  DEL  PERÚ,PER,2,3.5,7887.54185920108
REPÚBLICA  FRANCESA,FRA,2,4.0,44690.9345395117
Reino  de  Bélgica,BEL,2,5.5,54690.0942734964
República  de  Türkiye,TUR,2,2.0,13105.6585004778
BARBADOS,BRB,1,7.0,23804.0249914995
EMIRATOS  ÁRABES  UNIDOS,ARE,1,4.0,49040.6947521035
ESTADO  DE  KUWAIT,KWT,1,5.0,34075.8490439847
ESTADO  DE  LIBIA,LBY,1,0.0,6172.81246940233
ESTADO  DE  PALESTINA,PSE,1,0.0,3455.02852911712
ESTADO  DE  QATAR,QAT,1,3.0,80195.8746508549
FEDERACIÓN  DE  RUSIA,RUS,1,8.0,14159.3876953125
HUNGRÍA,HUN,1,6.0,22312.1790289763
IRLANDA,IRL,1,4.0,103887.800388081
JAMAICA,JAM,1,3.0,6839.72502408181
MALASIA,MYS,1,3.0,11379.0851923557
NUEVA  ZELANDIA,NZL,1,3.0,48654.904227478
REINO  DE  ARABIA  SAUDITA,SAU,1,0.0,36156.848337701
REINO  DE  DINAMARCA,DNK,1,4.0,68453.8769281145
REINO  DE  LOS  PAÍSES  BAJOS,NLD,1,8.0,64572.0059558854
REINO  DE  MARRUECOS,MAR,1,5.0,3771.4462890625
REINO  DE  NORUEGA,NOR,1,3.0,87497.3289297342
REINO  DE  SUECIA,SWE,1,5.0,55567.0890080496
REINO  DE  TAILANDIA,THA,1,5.0,7195.10130919449
REPÚBLICA  ARGELINA  DEMOCRÁTICA  Y  POPULAR,DZA,1,6.0,5364.02795022731
REPÚBLICA  ARGENTINA,ARG,1,0.0,14187.4827252965
REPÚBLICA  BOLIVARIANA  DE  VENEZUELA,VEN,1,5.0,15943.6127197163
REPÚBLICA  CHECA,CZE,1,5.0,31591.0568216357
REPÚBLICA  COOPERATIVA  DE  GUYANA,GUY,1,0.0,20473.7002190617
REPÚBLICA  DE  ANGOLA,AGO,1,6.0,2309.53413042773
REPÚBLICA  DE  ARMENIA,ARM,1,2.0,8125.27395754003
REPÚBLICA  DE  AUSTRIA,AUT,1,10.0,56033.573792065
REPÚBLICA  DE  AZERBAIYÁN,AZE,1,5.0,7133.02838048328
REPÚBLICA  DE  BULGARIA,BGR,1,0.0,15883.8618545581
REPÚBLICA  DE  COLOMBIA,COL,1,9.0,7000.83660501046
REPÚBLICA  DE  COREA,KOR,1,7.0,33121.3712885508
REPÚBLICA  DE  COSTA  RICA,CRI,1,2.0,16942.0268119304
REPÚBLICA  DE  CUBA,CUB,1,5.0,9605.26125067263
REPÚBLICA  DE  EL  SALVADOR,SLV,1,5.0,5365.44491399171
REPÚBLICA  DE  FILIPINAS,PHL,1,5.0,3804.08274131097
REPÚBLICA  DE  FINLANDIA,FIN,1,2.0,52821.5114340717
REPÚBLICA  DE  GUATEMALA,GTM,1,5.0,5758.30876298845
REPÚBLICA  DE  HAITÍ,HTI,1,7.0,1705.75808460999
REPÚBLICA  DE  HONDURAS,HND,1,6.0,3227.45762509776
REPÚBLICA  DE  INDONESIA,IDN,1,5.0,4876.30774512252
REPÚBLICA  DE  KENYA,KEN,1,6.0,1952.30457929636
REPÚBLICA  DE  MOZAMBIQUE,MOZ,1,7.0,622.985619320596
REPÚBLICA  DE  NICARAGUA,NIC,1,1.0,2609.44492072931
REPÚBLICA  DE  PANAMÁ,PAN,1,5.0,18686.4050961265
REPÚBLICA  DE  POLONIA,POL,1,3.0,22145.2643088909
REPÚBLICA  DE  SENEGAL,SEN,1,0.0,1698.03387300843
REPÚBLICA  DE  SERBIA,SRB,1,4.0,12281.5058488303
REPÚBLICA  DE  SINGAPUR,SGP,1,5.0,85412.230345235
REPÚBLICA  DE  SURINAME,SUR,1,6.0,5494.07409425517
REPÚBLICA  DE  TRINIDAD  Y  TOBAGO,TTO,1,3.0,18639.259241294
REPÚBLICA  DEMOCRÁTICA  FEDERAL  DE  ETIOPÍA,ETH,1,4.0,1011.07332413462
REPÚBLICA  DOMINICANA,DOM,1,3.0,10630.431743829
REPÚBLICA  FEDERAL  DE  NIGERIA,NGA,1,4.0,1596.63696129001
REPÚBLICA  HELÉNICA,GRC,1,3.0,23400.7278817691
REPÚBLICA  ISLÁMICA  DE  IRÁN,IRN,1,4.0,4465.63766853306
REPÚBLICA  ISLÁMICA  DE  PAKISTÁN,PAK,1,1.0,1365.16927410976
REPÚBLICA  LIBANESA,LBN,1,5.0,3477.72489842684
REPÚBLICA  POPULAR  DE  BANGLADESH,BGD,1,0.0,2551.01773827307
REPÚBLICA  PORTUGUESA,PRT,1,5.0,27386.2920595024
REPÚBLICA  SOCIALISTA  DE  VIETNAM,VNM,1,4.0,4323.35031982451
REPÚBLICA  TUNECINA,TUN,1,7.0,3950.3753419816
REPÚBLICA  ÁRABE  DE  EGIPTO,EGY,1,6.0,3456.78968456253
REPÚBLICA  ÁRABE  SIRIA,SYR,1,1.0,847.372723418531
RUMANIA,ROU,1,1.0,18404.2730871704
SANTA  LUCÍA,LCA,1,0.0,13554.7684784933
UCRANIA,UKR,1,4.0,5139.59814453125
日本国  (JAPÓN),JPN,1,7.0,33836.1756271617
